ID,app name,application officier,mail
345,application1,nicolas.le-fevre@rien.fr,nicomagny@outlook.fr
445,application2,gilles.test@rien.fr,nicomagny@outlook.fr
545,application3,antoine.whynot@rien.fr,nicomagny@outlook.fr
3,Git,miche.whynot@rien.fr,nicomagny@outlook.fr
4,Jenkins,mi.whynot@rien.fr,nicomagny@outlook.fr
132,Jenkins,rex.whynot@rien.fr,nicomagny@outlook.fr
133,Jenkins,rex.whynot@rien.fr,nicomagny@outlook.fr
134,Jenkins,rex.whynot@rien.fr,nicomagny@outlook.fr
135,Jenkins,rex.whynot@rien.fr,nicomagny@outlook.fr
136,Jenkins,rex.whynot@rien.fr,nicomagny@outlook.fr